id,producto,direccion,localidad,recibe
6,mesa,24120 Artisan Lane,Quilmes,Lauritz
17,televisor,652 Sugar Street,Quilmes,Ferdie
19,silla,36 Meadow Ridge Parkway,Quilmes,Gus
22,televisor,4 Golf Course Alley,Quilmes,Merilyn
31,mesa,178 Lien Place,Quilmes,Dwain
32,mesa,95 Tennessee Point,Quilmes,Pauli
43,aire acondicionado,8180 Scoville Street,Quilmes,Laird
46,lavarropas,29 Crownhardt Trail,Quilmes,Ferdinande
49,secarropas,5514 Dayton Way,Quilmes,Catherina
50,plancha,3421 Judy Lane,Quilmes,Rubetta
52,aire acondicionado,02037 Heffernan Street,Quilmes,Corney
55,sillon,21 Eastlawn Street,Quilmes,Leta
60,cocina,1953 Pankratz Road,Quilmes,Minny
62,pava,94 Moulton Way,Quilmes,Boycey
64,lavarropas,10903 Packers Plaza,Quilmes,Linnell
66,cocina,1 Quincy Junction,Quilmes,Drona
69,mesa,511 Loomis Center,Quilmes,Odo
75,cocina,538 Clyde Gallagher Avenue,Quilmes,Taryn
79,sillon,0 Hanover Park,Quilmes,Clementine
97,lavarropas,2 Shelley Avenue,Quilmes,Tomaso
103,silla,67709 Dwight Plaza,Quilmes,Nigel
106,televisor,253 Sundown Court,Quilmes,Flora
112,televisor,5990 Old Gate Trail,Quilmes,Yancey
126,silla,01515 Riverside Point,Quilmes,Skippie
135,plancha,641 Reindahl Plaza,Quilmes,Marcel
141,mesa,2 Summer Ridge Place,Quilmes,Ingeborg
146,mesa,0375 Sullivan Park,Quilmes,Merci
147,sillon,1293 Rusk Alley,Quilmes,Ilaire
152,mesa,60565 Corry Point,Quilmes,Karla
156,mesa,4925 Esch Place,Quilmes,Pet
161,secarropas,9289 Ridgeview Drive,Quilmes,Danya
166,plancha,29 Clarendon Plaza,Quilmes,Merwin
167,secarropas,95 Hanover Court,Quilmes,Bond
170,aire acondicionado,58 Ryan Lane,Quilmes,Olivier
171,cocina,3 Express Terrace,Quilmes,Stanwood
172,sillon,16 Service Junction,Quilmes,Ara
176,sillon,14371 Mallory Road,Quilmes,Berta
178,secarropas,60 Hoepker Terrace,Quilmes,Elliott
182,cocina,6280 Veith Trail,Quilmes,Birch
189,plancha,12 Northview Drive,Quilmes,Sibley
196,aire acondicionado,8027 Anzinger Hill,Quilmes,Ailene
207,aire acondicionado,3650 Lakewood Lane,Quilmes,Daisey
208,mesa,23265 Sunbrook Road,Quilmes,Linnet
216,televisor,89 Mallard Hill,Quilmes,Gabrielle
223,secarropas,1 Warner Place,Quilmes,Ame
229,secarropas,078 Corscot Circle,Quilmes,Claus
231,pava,4 5th Circle,Quilmes,Meara
235,secarropas,662 Luster Point,Quilmes,Maury
249,silla,39912 Birchwood Crossing,Quilmes,Flynn
250,aire acondicionado,7 Dennis Court,Quilmes,Elsa
256,sillon,395 Darwin Pass,Quilmes,Nicol
262,silla,502 Forest Dale Hill,Quilmes,Nari
264,pava,8845 Almo Avenue,Quilmes,Rudyard
290,pava,09942 Washington Court,Quilmes,Yardley
298,sillon,9 Boyd Court,Quilmes,Zelma
300,lavarropas,4 Randy Court,Quilmes,Gwenora
312,sillon,08808 Farragut Crossing,Quilmes,Cherey
315,silla,7 Mesta Way,Quilmes,Gilberte
324,silla,3 Buhler Court,Quilmes,Olivette
339,lavarropas,9093 Scofield Avenue,Quilmes,Spencer
361,pava,59653 Fisk Court,Quilmes,Berry
380,secarropas,722 Maple Plaza,Quilmes,Lorry
381,pava,0540 Valley Edge Lane,Quilmes,Griffin
384,lavarropas,66912 Golf View Terrace,Quilmes,Brynna
388,lavarropas,22 Porter Plaza,Quilmes,Rayshell
394,sillon,40 Tomscot Crossing,Quilmes,Angelle
410,mesa,76 Doe Crossing Hill,Quilmes,Arden
433,pava,3 Arrowood Circle,Quilmes,Aline
436,silla,5780 Fulton Court,Quilmes,Rafferty
448,plancha,42 Dunning Parkway,Quilmes,Fenelia
456,secarropas,02189 Thierer Way,Quilmes,Zack
460,televisor,829 Jana Road,Quilmes,Marlo
463,cocina,596 Fuller Trail,Quilmes,Caddric
468,silla,24196 Coolidge Junction,Quilmes,Pansie
480,cocina,44 6th Place,Quilmes,Ethelind
489,secarropas,66299 Glendale Trail,Quilmes,Pamella
501,silla,4917 Cody Way,Quilmes,Arther
502,silla,22717 Rigney Way,Quilmes,Ophelia
504,aire acondicionado,53 Autumn Leaf Terrace,Quilmes,Faydra
507,pava,35 Gale Place,Quilmes,Beltran
508,silla,03 Holmberg Point,Quilmes,Micky
524,silla,2042 Helena Pass,Quilmes,Holden
534,televisor,449 Fremont Court,Quilmes,Fayth
540,lavarropas,371 Kenwood Circle,Quilmes,Ysabel
544,cocina,8 Alpine Park,Quilmes,Alleen
545,cocina,387 Warrior Terrace,Quilmes,Sophia
546,pava,55174 Twin Pines Parkway,Quilmes,Tedman
557,cocina,05 Fair Oaks Pass,Quilmes,Adel
558,lavarropas,5602 Fisk Parkway,Quilmes,Hilly
560,lavarropas,69 Jana Road,Quilmes,Lyssa
564,cocina,628 Nevada Way,Quilmes,Troy
565,televisor,624 Katie Lane,Quilmes,Stormie
572,televisor,6672 Veith Point,Quilmes,Joice
576,pava,6 Dexter Circle,Quilmes,Trenna
578,sillon,8 Bluejay Drive,Quilmes,Chicky
581,pava,97739 Lotheville Alley,Quilmes,Lindsy
597,pava,1 Reindahl Alley,Quilmes,Irena
604,pava,55269 Meadow Valley Drive,Quilmes,Pollyanna
605,mesa,41031 Twin Pines Avenue,Quilmes,Gun
620,silla,7 Kim Way,Quilmes,Englebert
642,plancha,78 Orin Drive,Quilmes,Betsey
651,secarropas,8 Havey Court,Quilmes,Betti
652,silla,1 Montana Court,Quilmes,Sayre
657,aire acondicionado,87554 Park Meadow Hill,Quilmes,Stephana
661,pava,306 Red Cloud Lane,Quilmes,Jolyn
665,mesa,33706 Rieder Street,Quilmes,Megan
666,televisor,943 Onsgard Crossing,Quilmes,Kathie
672,cocina,524 Hanson Avenue,Quilmes,Cassaundra
677,pava,143 Tennyson Pass,Quilmes,Matti
678,silla,05218 Roth Trail,Quilmes,Ulrica
687,sillon,3353 Grasskamp Place,Quilmes,Dayle
691,pava,8 Lyons Plaza,Quilmes,Nollie
701,plancha,5 Valley Edge Place,Quilmes,Leone
713,secarropas,1 Ridgeview Road,Quilmes,Aldin
721,mesa,63508 2nd Trail,Quilmes,Larry
723,lavarropas,69397 Kennedy Pass,Quilmes,Jennie
731,pava,27450 Reinke Point,Quilmes,Almire
746,silla,5 Dovetail Alley,Quilmes,Jermaine
750,sillon,1 Bonner Alley,Quilmes,Perceval
751,secarropas,82039 Amoth Drive,Quilmes,Orton
752,cocina,366 Talisman Circle,Quilmes,Gerardo
760,mesa,200 Southridge Drive,Quilmes,Ludwig
761,silla,1968 Rusk Drive,Quilmes,Valerye
767,aire acondicionado,59 Transport Way,Quilmes,Barbabra
774,cocina,55 6th Junction,Quilmes,Caro
784,lavarropas,9 Lindbergh Plaza,Quilmes,Milicent
785,silla,9062 Independence Plaza,Quilmes,Tatiania
786,pava,8040 Arizona Hill,Quilmes,Annmaria
793,silla,415 7th Place,Quilmes,Roseanne
794,lavarropas,724 Bayside Point,Quilmes,Marcile
799,cocina,4 Tomscot Place,Quilmes,Freddy
801,aire acondicionado,5048 Thackeray Junction,Quilmes,Cyrus
808,lavarropas,4 Sheridan Alley,Quilmes,Vincent
810,mesa,3 Union Parkway,Quilmes,Adrea
815,aire acondicionado,578 Mesta Place,Quilmes,Fred
817,televisor,7316 Golden Leaf Plaza,Quilmes,Rozalin
818,secarropas,1 Lukken Terrace,Quilmes,Yardley
823,silla,5 Ruskin Junction,Quilmes,Gayler
833,mesa,47604 Charing Cross Court,Quilmes,Valery
860,silla,3 Havey Drive,Quilmes,Darcey
864,secarropas,4 Armistice Trail,Quilmes,Lind
876,secarropas,73 Ryan Avenue,Quilmes,Penny
881,plancha,087 Nobel Trail,Quilmes,Wendeline
888,secarropas,2 Fordem Plaza,Quilmes,Leeanne
896,lavarropas,995 Reindahl Terrace,Quilmes,Querida
918,pava,349 Melvin Place,Quilmes,Abby
919,pava,44 Waubesa Plaza,Quilmes,Marys
932,cocina,17933 Merrick Trail,Quilmes,Stewart
934,cocina,72 Grasskamp Road,Quilmes,Kala
938,secarropas,20 John Wall Park,Quilmes,Yank
942,mesa,29107 Westerfield Road,Quilmes,Raimondo
945,lavarropas,18379 Green Ridge Center,Quilmes,Pammie
948,silla,08 Anhalt Trail,Quilmes,Amalle
953,sillon,700 Corben Junction,Quilmes,Daniella
959,sillon,08 Bluejay Pass,Quilmes,Nowell
962,secarropas,056 Lien Center,Quilmes,Boris
975,sillon,779 Mariners Cove Crossing,Quilmes,Luther
983,aire acondicionado,5548 Meadow Valley Lane,Quilmes,Selby
984,aire acondicionado,1 Harper Hill,Quilmes,Sax
988,sillon,21534 Veith Lane,Quilmes,Alain
989,mesa,8937 Burrows Way,Quilmes,Moss
